Date,Open,High,Low,Close
03-07-2015,308,308,299.75,300.95
06-07-2015,294.9,299.6,292.3,298.75
07-07-2015,300.75,303.25,296,297.45
08-07-2015,293.8,294,282,283.4
09-07-2015,285.2,287.25,279.6,280.55
10-07-2015,282,284.6,279,280.95
13-07-2015,281.9,285.6,279.15,284.45
14-07-2015,285,286.9,281.05,281.7
15-07-2015,283,284.9,279.4,280.7
16-07-2015,285,286.75,280.6,281.5
17-07-2015,282,286.45,280.3,284.3
20-07-2015,285.9,287.7,283.1,284
21-07-2015,284.35,284.5,274,274.65
22-07-2015,272,281,268.5,280.35
23-07-2015,274,274.5,269.8,270.3
24-07-2015,272.9,272.9,264.05,265.1
27-07-2015,265,265,250.75,251.4
28-07-2015,251.25,252.4,246.65,249.35
29-07-2015,251.9,254.65,249.5,250.65
30-07-2015,252.4,252.8,247.7,248.35
31-07-2015,249.5,252.65,245.25,247.3
03-08-2015,247.3,250.7,245.45,248
04-08-2015,249,259.85,246.15,256.4
05-08-2015,260,268.2,259,262.25
06-08-2015,262.25,265.45,256.5,261.3
07-08-2015,261,264.7,260.15,262.05
10-08-2015,263,264.85,260,261.15
11-08-2015,260,260,246,246.9
12-08-2015,254,257.9,246.25,249.1
13-08-2015,252.5,254,232.3,233.6
14-08-2015,234.6,239.1,229.25,237.1
17-08-2015,238.1,248,234.4,246.55
18-08-2015,247.95,254.4,246.85,251.65
19-08-2015,251,253,246.75,249.9
20-08-2015,248.05,248.7,240.75,241.65
21-08-2015,238,238.2,231.6,237.25
24-08-2015,230,230.9,202.7,206.15
25-08-2015,208,218,200.4,214.15
26-08-2015,214,219.6,209.05,215.5
27-08-2015,219,229.25,215.3,225.85
28-08-2015,231.5,234.6,223.5,228.5
31-08-2015,226.75,228.75,223.8,225.05
01-09-2015,221,226.15,213.5,216.2
02-09-2015,218,225.9,210.6,219.65
03-09-2015,223,232.7,221.55,229.65
04-09-2015,228.1,228.65,217.05,218.95
07-09-2015,220.9,223.9,215.1,215.9
08-09-2015,217.2,233,217.2,228.8
09-09-2015,236.2,241.45,232.35,239.25
10-09-2015,237,243,231.7,240.3
11-09-2015,243,243.8,231,233.05
14-09-2015,234.7,242.9,234,241.3
15-09-2015,243.9,243.9,228.2,229.05
16-09-2015,231.5,233.2,227.25,230.2
18-09-2015,233,235.3,228,228.55
21-09-2015,227,229.15,223.3,226.85
22-09-2015,229,229.5,219.2,220
23-09-2015,216,223.95,214,221.1
24-09-2015,220,220.8,214.8,215.4
28-09-2015,217.25,218.45,208.65,209.45
29-09-2015,205.05,206.25,200,201.35
30-09-2015,206.45,213.5,206.05,211.9
01-10-2015,215.95,215.95,210.4,212.15
05-10-2015,215,225.4,214.35,224.5
06-10-2015,227.75,228.8,223.15,227.15
07-10-2015,226.5,237.8,223.55,236.8
08-10-2015,238,242.4,236.3,240.5
09-10-2015,243,251.25,242,250.75
12-10-2015,254.7,261.95,250,251.15
13-10-2015,248.7,248.7,243.55,245.2
14-10-2015,244.25,252.9,244.2,248
15-10-2015,249.9,257.1,248.1,255.3
16-10-2015,255,257,248.45,252.65
19-10-2015,253,254.95,247.15,248.15
20-10-2015,247.7,249.1,240,240.8
21-10-2015,241,246.7,238.25,244.8
23-10-2015,247,251.55,244.3,246.05
26-10-2015,247,251.5,246.35,249.45
27-10-2015,249.45,250.5,244.3,245.95
28-10-2015,245.5,248.5,244.5,247.25
29-10-2015,247.5,251,244.7,247.4
30-10-2015,248,254.75,245.4,246.75
02-11-2015,247.1,247.1,236.3,238.65
03-11-2015,241,242.9,235.1,236.05
04-11-2015,239,239.95,234.1,235.8
05-11-2015,236,236,224.55,225.6
06-11-2015,218.7,221.6,215.25,220.1
09-11-2015,215,224.25,213,222.15
10-11-2015,221.95,222.25,217.05,217.95
11-11-2015,220,221.8,220,220.85
13-11-2015,218.9,223.6,216.85,222.15
16-11-2015,222.25,230.6,220.3,229.8
17-11-2015,232,235.8,231,234.5
18-11-2015,234.5,234.8,225.15,225.85
19-11-2015,228,229.7,225.85,228.9
20-11-2015,229.25,232.4,228,229.7
23-11-2015,230.5,230.9,223.1,224.4
24-11-2015,222.9,226.4,222.2,224.35
26-11-2015,224.6,229.8,224.3,227.9
27-11-2015,229,235,228.05,231.2
30-11-2015,231.8,234.3,228.9,230.05
01-12-2015,230.5,238.65,230.35,237.65
02-12-2015,239.25,245.65,238.15,243.5
03-12-2015,241.9,243.6,237,240.15
04-12-2015,238,244,237.25,240.2
07-12-2015,244,247.3,242.5,243.55
08-12-2015,242.9,243.15,233.8,234.75
09-12-2015,234,235.9,225,226.85
10-12-2015,225.7,234.5,225.7,232.95
11-12-2015,235.6,243.9,235.6,240.9
14-12-2015,239.5,248.75,238.75,245.05
15-12-2015,247,247.6,241.25,244.2
16-12-2015,246.9,248.6,242.35,244.9
17-12-2015,246.2,257.55,246.2,256.55
18-12-2015,257.1,257.9,254.05,255.35
21-12-2015,255.1,261.5,254.75,258.55
22-12-2015,258.55,261.55,256.5,257.2
23-12-2015,262,266.25,262,263.7
24-12-2015,265,266.25,260.8,263.5
28-12-2015,263.5,264,253,254.05
29-12-2015,257,257,253.45,255.15
30-12-2015,257.05,261.75,255.5,258.15
31-12-2015,260,260.55,257.05,259.55
01-01-2016,261,261,254,257.3
04-01-2016,256.45,263.1,253.55,257
05-01-2016,257.5,276.2,257.5,274.1
06-01-2016,273.8,274.45,266.15,268.5
07-01-2016,263.9,263.9,248.3,250.1
08-01-2016,251.95,256.25,249.15,253.7
11-01-2016,248,253.5,244.6,252
12-01-2016,253.6,255.3,243.6,246.35
13-01-2016,248.1,251.7,237.1,247
14-01-2016,235.6,242.5,231.7,238.7
15-01-2016,241.3,243,228.4,229.9
18-01-2016,230,244,225.3,236.25
19-01-2016,237,241.25,231.3,237.95
20-01-2016,234.9,234.9,226.75,231.7
21-01-2016,233.65,239.25,231.4,234.55
22-01-2016,238,250,237.8,247.1
25-01-2016,249,255.9,249,253.85
27-01-2016,255.7,259.95,253.8,257.55
28-01-2016,256.8,258.5,252.55,254.4
29-01-2016,253.5,258.5,247.55,250.05
01-02-2016,251,254.8,246.6,249.4
02-02-2016,250.25,250.5,230,231.5
03-02-2016,227.9,233.85,221.5,224
04-02-2016,224.75,228.5,219.15,226.15
05-02-2016,215,239.1,215,234
08-02-2016,237,243.8,232.8,234.45
09-02-2016,231.2,237.25,230,235.55
10-02-2016,234,237.5,227.4,235.65
11-02-2016,235.55,236,221.2,225
12-02-2016,226.6,227.85,211.3,217.85
15-02-2016,220,247.65,220,246.2
16-02-2016,249,251.45,243.05,244.85
17-02-2016,245.7,252.55,238.1,251.35
18-02-2016,254.2,256.5,243.3,250.5
19-02-2016,249,254.5,246.95,253.25
22-02-2016,254.5,257.4,251.7,255.2
23-02-2016,255.95,261.25,252,253.45
24-02-2016,250.85,253.75,246.75,247.85
25-02-2016,247.85,249.9,244.6,248.05
26-02-2016,250.1,252,243.4,248.4
29-02-2016,246.95,263.5,245.3,249.1
01-03-2016,250,258,246.7,256.9
02-03-2016,260.25,269.3,260,267.15
03-03-2016,271.7,287.7,271.7,286.3
04-03-2016,289,291.2,284.75,288.35
08-03-2016,288.75,296.5,286.4,291.85
09-03-2016,284.8,296.85,281.3,295.45
10-03-2016,296.2,301.15,293.4,296.15
11-03-2016,296,298,290.2,294.45
14-03-2016,297,300.35,295.2,296.3
15-03-2016,296,301.4,294.15,299.8
16-03-2016,299.8,302.75,294.2,299.2
17-03-2016,304,305.6,295,295.8
18-03-2016,298.9,302.75,297.2,302
21-03-2016,303.5,305.7,300.8,302.9
22-03-2016,304.5,311.65,301.15,309.45
23-03-2016,311.4,317.25,310.75,316.6
28-03-2016,317.25,317.9,297.75,300.05
29-03-2016,300,307.6,300,303.9
30-03-2016,309,325.85,305.4,324.4
31-03-2016,325,325.6,314.6,319.5
01-04-2016,318,319.95,312.95,317.7
04-04-2016,315.15,322.9,315.1,320.2
05-04-2016,317.9,319.25,308.4,312.1
06-04-2016,314,331.9,313.7,328.45
07-04-2016,330,332.7,322.2,323.95
08-04-2016,323,324.6,318.8,322.25
11-04-2016,322,333.05,319.8,331.15
12-04-2016,322,330.75,318.25,324.15
13-04-2016,326.65,336,326.15,332.6
18-04-2016,331.1,336.55,327.75,335
20-04-2016,337,358.7,337,356.85
21-04-2016,358,364.15,352.45,354.4
22-04-2016,358.7,363.5,352.7,353.8
25-04-2016,353.7,353.7,344.6,347.55
26-04-2016,347,360.5,347,358.4
27-04-2016,358.05,362.3,353.75,356.6
28-04-2016,357.7,361.7,346,347.7
29-04-2016,347.5,353.75,342.35,350.55
02-05-2016,350,350.8,344.35,346.8
03-05-2016,348.05,355.45,346.65,348.45
04-05-2016,347.7,347.7,327.55,328.95
05-05-2016,328.2,334.6,324.2,332
06-05-2016,330.6,331.5,325.1,329.45
09-05-2016,330.9,334.9,327.55,329.05
10-05-2016,331,337,325.55,327.95
11-05-2016,320.9,332.1,320,329
12-05-2016,330.05,332,327.1,330.8
13-05-2016,327.05,329.2,321.35,323
16-05-2016,322.3,327.3,319.8,326.35
17-05-2016,328,331.25,324.85,326.95
18-05-2016,326.5,330,323.4,328.9
19-05-2016,327.9,337.25,324.5,326.1
20-05-2016,326.9,327.3,321.25,322.9
23-05-2016,324,325.6,312.6,313.6
24-05-2016,313.6,318.5,311.2,317.6
25-05-2016,320,326.2,318.05,324.35
26-05-2016,322.1,329.25,320.5,325
27-05-2016,325.6,331.3,324.8,329
30-05-2016,331.05,334.35,322.35,323.1
31-05-2016,324.7,337.5,320.45,334.45
01-06-2016,335.5,339.4,329.9,332.15
02-06-2016,332,342,331,340.65
03-06-2016,342.25,348.25,336.55,338.65
06-06-2016,336,340.6,332.25,337.7
07-06-2016,337.8,344.75,337,342.85
08-06-2016,342.25,346.2,338.4,341.5
09-06-2016,342,346.4,340.4,342.05
10-06-2016,342.05,344.5,333.9,334.95
13-06-2016,329.5,330,321.7,323.8
14-06-2016,325.7,327.7,321.35,325
15-06-2016,325.9,331.1,323.9,329.9
16-06-2016,329.9,333.4,324.3,330.05
17-06-2016,332.1,332.95,324.2,325.5
20-06-2016,324,336.95,322.7,336.15
21-06-2016,336.5,337.7,332.8,333.85
22-06-2016,333.8,333.8,327.25,332
23-06-2016,332.4,335.8,327.65,333.75
24-06-2016,307.9,316.35,297.4,312.5
27-06-2016,311.2,312.6,307.7,310.35
28-06-2016,311.4,314.15,307.35,311.45
29-06-2016,312.2,316.95,312.2,313.45
30-06-2016,315.25,324.65,315.25,321.9
01-07-2016,325.05,330.55,325.05,327.35
04-07-2016,330,333.75,329,331.2
05-07-2016,332.5,337.1,330,334.1
07-07-2016,334.5,337.25,316.5,317.65
08-07-2016,315.5,319.65,312,318.6
11-07-2016,323,329.5,319.85,327.25
12-07-2016,330,344,328.9,342.4
13-07-2016,344.25,358.8,344,357.7
14-07-2016,357,361.4,353.4,359.2
15-07-2016,359,374.65,356.75,372.85
18-07-2016,374,379.25,363.35,365.6
19-07-2016,366.3,371.5,362.3,370.25
20-07-2016,370.55,372.5,366.75,368.45
21-07-2016,370,370,360.85,362.3
22-07-2016,361.25,368.75,356.5,365.3
25-07-2016,365.75,367.95,362.25,363.8
26-07-2016,364,374.7,363.35,367.65
27-07-2016,370,370.25,354.4,362.9
28-07-2016,358.85,359.6,348.85,350.3
29-07-2016,351,358.8,351,354.75
01-08-2016,359,366.4,354,364.35
02-08-2016,366,370,360.1,361.9
03-08-2016,365,366.4,355.05,357.6
04-08-2016,362.15,375.5,357.25,374.05
05-08-2016,378.4,382.75,376.95,380.9
08-08-2016,381.05,384.35,376.3,379.55
09-08-2016,379,382.5,374.05,375.45
10-08-2016,377.3,379.3,368.25,370.15
11-08-2016,369.3,373.45,361.8,368.5
12-08-2016,368.4,378.1,368.4,374.8
16-08-2016,373.25,380.9,373.25,379.2
17-08-2016,380.5,392.15,379.25,391.35
18-08-2016,392,394,385.45,387.2
19-08-2016,389,394.6,383.6,392.3
22-08-2016,392,392,384.7,387.45
23-08-2016,387.2,391.2,378.2,385.45
24-08-2016,384.1,387.2,379.1,380.15
25-08-2016,381,382.5,370.85,372.4
26-08-2016,372.6,375.8,367.75,369.85
29-08-2016,370,375.4,367.6,373.1
30-08-2016,375,379.5,375,377.8
31-08-2016,377.75,381.2,369.1,370.45
01-09-2016,370.8,377.3,369.6,373.8
02-09-2016,375.2,375.65,370.55,373.7
06-09-2016,374.1,386.7,374.1,385.85
07-09-2016,387,393.9,386.5,389.95
08-09-2016,390.45,408.5,390.45,402.9
09-09-2016,403.6,407,392.75,394.5
12-09-2016,385,386.9,372,373.6
14-09-2016,369.5,377.75,363.4,373.75
15-09-2016,375,375.05,364.2,366.9
16-09-2016,370.5,371.8,357.8,359.05
19-09-2016,359.5,363.7,355.4,361.55
20-09-2016,362,369.6,359.4,365.45
21-09-2016,365.45,371.95,365.25,369.3
22-09-2016,377.2,379.35,372.2,376.3
23-09-2016,376.3,378.2,370.95,371.9
26-09-2016,371.95,376.15,369,370.4
27-09-2016,372,374.5,366.5,367.85
28-09-2016,369.15,381.9,368.95,379.8
29-09-2016,381.8,383.6,364.5,367.85
30-09-2016,365,378,363.9,374.4
03-10-2016,376,384.5,375,382.85
04-10-2016,386,392.05,382.75,390.1
05-10-2016,395,396.5,388,390.35
06-10-2016,392,394.95,386.65,389.3
07-10-2016,391.6,407.6,390,406.4
10-10-2016,409,420,409,417.4
13-10-2016,415.75,419.8,408.95,413.85
14-10-2016,415.1,416.75,409.65,411.9
17-10-2016,411,415.55,408.1,410.7
18-10-2016,413.4,426,412.35,424.9
19-10-2016,427,427.5,421.5,425.45
20-10-2016,428,431.65,425.2,428.45
21-10-2016,428,428.8,421.85,427.3
24-10-2016,427.5,431,425.2,426.2
25-10-2016,411,419,409.15,415.5
26-10-2016,414,418.8,391.35,398.85
27-10-2016,381,399,381,397.1
28-10-2016,399,405.65,397.6,404.45
30-10-2016,408.35,408.35,402,404.65
01-11-2016,404,423.85,404,417.7
02-11-2016,406.5,416,406.5,413.65
03-11-2016,411.6,419.4,398.6,403.3
04-11-2016,402.25,407.4,398.3,403.05
07-11-2016,405.15,414.25,405.15,411.5
08-11-2016,413.55,414.9,405,408.6
09-11-2016,383.9,403.4,380,399.8
10-11-2016,406.4,439,406.4,436.85
11-11-2016,431.3,440.9,424.3,426.85
15-11-2016,410.1,417,391.55,393.55
16-11-2016,396,401.1,380.6,391.75
17-11-2016,393,398.3,387.2,392.95
18-11-2016,390.8,394.6,381.2,385.1
21-11-2016,385.1,389.3,366.05,371.55
22-11-2016,374.95,379.5,372.85,378
23-11-2016,381,394,380.5,392.35
24-11-2016,387.35,400,385.75,398.25
25-11-2016,399.9,412.7,398.1,407.7
28-11-2016,407.1,411.1,402.55,407.1
29-11-2016,414.4,417.35,407.8,409.05
30-11-2016,407,415.9,404.65,414.95
01-12-2016,417.55,418.6,408,409.7
02-12-2016,406.9,411.9,404.35,406.4
05-12-2016,407.7,414.9,405.05,413.55
06-12-2016,411.3,420.65,411,418.35
07-12-2016,420,421,409.7,412.5
08-12-2016,416.1,432.9,416.1,431.55
09-12-2016,433.4,435.4,428.5,430.3
12-12-2016,429.9,430.4,422.75,424
13-12-2016,425.9,429.45,417.5,420.65
14-12-2016,420.35,425.9,416.55,417.55
15-12-2016,417.7,427.4,413,419.15
16-12-2016,422.1,423,412.8,414.1
19-12-2016,413.75,416,410,411
20-12-2016,411,414,401.55,403.9
21-12-2016,405,408.25,401.7,404.9
22-12-2016,404.5,406.2,390.45,392.4
23-12-2016,392.5,395.6,387.05,390.75
26-12-2016,389.3,389.7,378.8,380.45
27-12-2016,381,394.7,377.45,392.75
28-12-2016,394.7,394.7,386.7,388.3
29-12-2016,389.05,393.8,387.5,392.45
30-12-2016,393.95,395.35,388.1,391.1
02-01-2017,390.2,407.45,388.95,405.95
03-01-2017,407.7,409,401,403.15
04-01-2017,404.95,408.85,401.75,405.1
05-01-2017,408.05,422.5,407.55,419.15
06-01-2017,419.5,425,415.9,419.7
09-01-2017,423.2,423.9,419.4,422.05
10-01-2017,422.8,431.5,422.8,430.9
11-01-2017,434.95,450.9,432,448.1
12-01-2017,450,451.35,443,447.75
13-01-2017,449,450.7,441.55,446.4
16-01-2017,445.85,459.5,443.45,458.4
17-01-2017,458.15,459.5,451.2,454.2
18-01-2017,455,469.5,454.55,467.6
19-01-2017,468.95,468.95,462.5,467.1
20-01-2017,465,467.9,452.85,454.6
23-01-2017,452,463.75,451.75,461.65
24-01-2017,462.5,466.5,458.85,464.25
25-01-2017,468.3,476.35,466.4,468.95
27-01-2017,470,473.4,463.5,469.25
30-01-2017,468,468,460.45,461.95
31-01-2017,461.6,471.3,460.3,462.4
01-02-2017,462.55,474.8,457.4,473.35
02-02-2017,473.05,480.8,466.5,476.5
03-02-2017,477.9,480.5,468.1,471.95
06-02-2017,474.9,479.5,469.25,472.6
07-02-2017,475,479.5,470.1,473.25
08-02-2017,486.8,487,468.05,470.7
09-02-2017,469.95,473.35,456.8,459.9
10-02-2017,467,471.15,460.8,467.75
13-02-2017,470.6,477,470.2,472.5
14-02-2017,472.25,474.6,466.5,472.25
15-02-2017,471,474.45,457.6,460.1
16-02-2017,465,471.5,455.7,469.8
17-02-2017,470.1,474.85,466.7,467.95
20-02-2017,469,488.4,465.1,486.7
21-02-2017,487.5,495.85,486.25,490.6
22-02-2017,490.3,491,480.65,483.3
23-02-2017,485,487,478.5,485.1
27-02-2017,484,488,479.55,480.85
28-02-2017,481,485.5,480.85,482.65
01-03-2017,483.3,502.5,483.3,500.3
02-03-2017,501.3,505.35,492.2,495.05
03-03-2017,494,497.8,489.9,495
06-03-2017,495.9,500.3,490.5,492.95
07-03-2017,493.5,494.8,481,482
08-03-2017,485,486.3,470.5,472.9
09-03-2017,471,475,468,469.5
10-03-2017,469.45,474.25,462.5,467.8
14-03-2017,478,478.9,470.3,472.7
15-03-2017,470.55,479.5,470.55,478.55
16-03-2017,482,500.95,481.75,499.15
17-03-2017,502.15,508.45,498,502.05
20-03-2017,502,503,491.35,496.75
21-03-2017,496.75,501.3,492.6,496.6
22-03-2017,491,493.2,487.6,488.75
23-03-2017,488,496.4,488,495.45
24-03-2017,495,499.6,491.25,493.2
27-03-2017,492.5,493,475.45,477.65
28-03-2017,478.45,482.25,477.4,479.9
29-03-2017,481,484.35,480.3,483.35
30-03-2017,484,486.45,476,478.15
31-03-2017,480,485.65,479.1,482.65
03-04-2017,485,489.5,483.8,485.35
05-04-2017,486,497.9,486,493.35
06-04-2017,493.15,504.35,484.3,501.65
07-04-2017,502.45,505.8,491,492.9
10-04-2017,496.1,498.45,490.7,495.45
11-04-2017,495.8,495.8,486.5,488.3
12-04-2017,490,492.8,476.85,477.95
13-04-2017,475,477,462.6,464
17-04-2017,460,467.9,460,462.05
18-04-2017,465,474.25,448.1,450.25
19-04-2017,448,455,442.6,451.45
20-04-2017,454.95,454.95,448.6,454
21-04-2017,458.1,460,449.6,450.9
24-04-2017,451,454.45,447.4,450.95
25-04-2017,451.6,457.4,451.45,453.95
26-04-2017,456.05,462.9,451.5,454.25
27-04-2017,454.85,455,444.5,445.75
28-04-2017,446.35,458.4,446.1,448.85
02-05-2017,450.05,453.8,443.5,445.25
03-05-2017,447,449.95,437.6,440.65
04-05-2017,447,447.2,436.6,442.65
05-05-2017,442.45,442.45,428.25,433
08-05-2017,434.05,436.2,428.5,432
09-05-2017,432.5,440,432.25,433.45
10-05-2017,435,438.75,433.35,437.9
11-05-2017,440.95,445.35,439.15,440.4
12-05-2017,442.9,443.6,433.2,436.75
15-05-2017,436,457.35,436,455.75
16-05-2017,464.9,465.6,456.1,457
17-05-2017,470,498.4,466,493.35
18-05-2017,488,496.6,484.75,486.8
19-05-2017,488.15,495.75,481.15,489.4
22-05-2017,491.35,496.5,484.6,486.6
23-05-2017,488.25,496.4,477.6,490.4
24-05-2017,492,495.25,481.2,482.95
25-05-2017,483.4,486.9,477.05,485.3
26-05-2017,487.75,514.8,485.5,511.8
29-05-2017,511.5,520.4,506.6,507.8
30-05-2017,507.55,513.3,504.55,510.7
31-05-2017,510.7,514.8,502.5,504.9
01-06-2017,506.2,507.95,494.5,497.9
02-06-2017,502,503,488.05,491.6
05-06-2017,492.25,499.9,487.5,491.2
06-06-2017,492.55,496.4,488.85,490
07-06-2017,491.35,494,487.6,491.05
08-06-2017,503,510.9,497.5,498.95
09-06-2017,498.4,507.4,496.2,506.3
12-06-2017,507.55,513.95,505.5,507.35
13-06-2017,509.45,512.6,505.25,508.6
14-06-2017,508,509.6,501.35,502.85
15-06-2017,501.9,506.7,499.8,502.65
16-06-2017,504.95,507.6,501.35,502.1
19-06-2017,511,520,507.9,519.3
20-06-2017,523.95,525,521,522.2
21-06-2017,522,523.7,516,517.65
22-06-2017,520.5,522,512.1,514.55
23-06-2017,514.8,516,502.95,507.4
27-06-2017,508,513.5,503.5,510.45
28-06-2017,512,522.35,509.65,519.9
29-06-2017,523.25,536,523.25,534.7
30-06-2017,533.55,546.8,530.3,544.35
03-07-2017,544.05,552.4,541.95,549.4
04-07-2017,550.05,554.35,544.35,546.35
05-07-2017,545.9,552.35,545,549.75
06-07-2017,550,557.45,549,554.35
07-07-2017,552.1,555,550.75,553.8
10-07-2017,555,560.5,549,559.2
11-07-2017,559.25,561.95,555.25,557.05
12-07-2017,560,561.95,555,558.85
13-07-2017,564.95,565.9,560.05,563
14-07-2017,565.7,565.9,557.05,559.5
17-07-2017,561,563,557.4,558.85
18-07-2017,559,568,556.75,562.8
19-07-2017,563.4,572,563,571
20-07-2017,563,563.9,555.2,555.9
21-07-2017,556,557.6,543.85,552.6
24-07-2017,555,555,546.8,547.45
25-07-2017,549.4,554.25,548.9,553.1
26-07-2017,555.55,566.8,554.95,565.4
27-07-2017,566.3,568.65,559,561
28-07-2017,556.9,560,548.5,551.6
31-07-2017,552,570.95,552,567.55
01-08-2017,569.1,575,568.55,572
02-08-2017,574.8,575,565,567.95
03-08-2017,566.15,568.45,558,559.55
04-08-2017,559.95,579.5,559.05,575.5
07-08-2017,584,601.5,583.5,600
08-08-2017,611,624.95,605.5,615.75
09-08-2017,615.8,619.9,602.65,605
10-08-2017,602.35,614.4,598,604.55
11-08-2017,600,605,589.6,596.15
14-08-2017,609,623.35,606.6,621.25
16-08-2017,625.15,630.8,620.3,629.75
17-08-2017,631.7,636,624.2,625.85
18-08-2017,623.1,629,620.05,625.4
21-08-2017,630.05,638.55,620.15,621.95
22-08-2017,630.1,633,614.7,619.3
23-08-2017,622.5,635,616.2,633.4
24-08-2017,636,640,631,638.95
28-08-2017,639.05,642.4,632.2,636.7
29-08-2017,630.3,640.35,628.3,630.15
30-08-2017,631.25,641.25,631.25,638.65
31-08-2017,638.9,642.6,632.5,638
01-09-2017,641,651.7,639.5,649.9
04-09-2017,649.85,651.35,641.8,646.1
05-09-2017,647,654.6,646.25,651.05
06-09-2017,647,654.3,645.55,651.45
07-09-2017,655.9,656.5,650.4,654.55
08-09-2017,655,663.5,651,655.5
11-09-2017,656,662.5,653.1,661.3
12-09-2017,675,692,674,683.15
13-09-2017,681,683.55,676,679.7
14-09-2017,678.05,683.75,672.55,677.65
15-09-2017,673.1,681.45,671.75,679.3
18-09-2017,673.55,679.65,670.8,673.05
19-09-2017,670,681.5,670,676.55
20-09-2017,677.9,691.05,674.3,687.65
21-09-2017,694.8,696.55,681.5,686.85
22-09-2017,685.5,685.5,652.2,654.55
25-09-2017,654.5,654.5,623,640.15
26-09-2017,640.15,657,639.5,654.15
27-09-2017,659.8,661,643.55,648.35
28-09-2017,650.35,656.4,643.25,649.95
29-09-2017,651,656.5,648.9,651.05
03-10-2017,655.05,665,655.05,660.65
04-10-2017,657.15,662.5,654.25,658.7
05-10-2017,659,664.75,657.05,660.2
06-10-2017,664.9,693.9,664.05,691.4
09-10-2017,692.2,703.85,692,697.15
10-10-2017,699.6,703.85,685.05,690.65
11-10-2017,695,698.1,673.65,681
12-10-2017,684.95,692.6,681.35,690.85
13-10-2017,695,715.9,695,710.6
16-10-2017,712.1,719.45,711.85,715.4
17-10-2017,713.6,717.45,708.4,712.45
18-10-2017,714,717.9,707.1,709.35
19-10-2017,708.5,711.45,701.3,704.4
23-10-2017,708.2,713.5,704,711.35
24-10-2017,715,728,714.6,719.4
25-10-2017,720,726.35,710.25,717.1
26-10-2017,717,732.85,715.15,729.45
27-10-2017,730.05,734.4,723.25,726.25
30-10-2017,730,734.9,714,718.8
31-10-2017,725,729.9,697,703.65
01-11-2017,707,717.1,703.65,707.05
02-11-2017,709.7,709.7,698,706
03-11-2017,706,712.8,704.3,708.9
06-11-2017,706.5,716,699.7,708.75
07-11-2017,710,713.5,686.85,692.55
08-11-2017,694.8,700.5,685,691.8
09-11-2017,698,705,693.7,703.3
10-11-2017,702.8,707.65,695.25,701.45
13-11-2017,707,707,687,690.85
14-11-2017,690,695,681.4,685.2
15-11-2017,680.3,681.9,669.7,678.05
16-11-2017,681.2,689.9,676.6,686.65
17-11-2017,692,708.5,692,701.35
20-11-2017,699.8,706.8,690.55,700.7
21-11-2017,702.2,717.95,702.2,711.25
22-11-2017,715,716.85,706.6,711.6
23-11-2017,714,715.7,706.75,711.25
24-11-2017,711,712.8,703.85,707.75
27-11-2017,707,708.5,698.95,701.85
28-11-2017,702,711.9,697.8,704.25
29-11-2017,704,710.6,703,709.3
30-11-2017,706.55,707,691.4,695.15
01-12-2017,696,698,677.5,680.7
04-12-2017,683,692.1,681,687.7
05-12-2017,685,686.7,671.2,675.95
06-12-2017,667.9,670,660.6,668.05
07-12-2017,669,689.6,669,687.9
08-12-2017,689.9,713,685.25,696.85
11-12-2017,701.9,706.35,695.4,700
12-12-2017,700.85,708.25,686.75,689.2
13-12-2017,690,693.75,676.7,682.1
14-12-2017,684,689,671.05,685.85
15-12-2017,692.2,699.7,692,694.95
18-12-2017,693,714.5,675,704.7
19-12-2017,709,712,705.25,710.3
20-12-2017,718,718,692.65,702.55
21-12-2017,702,717.8,702,715.5
22-12-2017,717.4,717.4,707.2,710.6
26-12-2017,714,724,712.75,721.4
27-12-2017,724,728.8,717.55,721.8
28-12-2017,723,737.95,723,734.65
29-12-2017,736,744.35,730,732.45
01-01-2018,732.5,735.7,721.2,723.7
02-01-2018,723.3,730.75,715.55,729.1
03-01-2018,732.6,736.75,730.85,733.3
04-01-2018,735.5,764,731.95,760.75
05-01-2018,760,776,760,770.3
08-01-2018,775.15,780,765.1,768.95
09-01-2018,769,780.1,768,772.3
10-01-2018,772,775,762.7,771.85
11-01-2018,771.55,777.6,768.2,771.6
12-01-2018,771.2,776.45,760,771.05
15-01-2018,774,792.55,771.5,783.2
16-01-2018,782,783,760.75,766.3
17-01-2018,768.1,777.15,757,774.25
18-01-2018,777,779.75,746.65,751.85
19-01-2018,752,762,742.7,751.65
22-01-2018,753.3,756.25,747.9,752.1
23-01-2018,753.8,786.85,752.9,780.05
24-01-2018,780,780.95,754.85,763.4
25-01-2018,767,773.25,759.15,769
29-01-2018,770,790.6,770,782.75
30-01-2018,779.05,783.65,771.75,775.55
31-01-2018,732.5,747.25,702.05,705.05
01-02-2018,706.25,712.65,682.2,696.3
02-02-2018,690,692.5,666,669.7
05-02-2018,664,673.8,650.8,664.55
06-02-2018,639.05,679.25,634.4,664.95
07-02-2018,666.5,682.05,656.95,660.55
08-02-2018,660.9,676.9,654,671.35
09-02-2018,665.4,688.35,661,683.65
12-02-2018,718,718,697.8,712.5
14-02-2018,718,720.6,705.25,708.35
15-02-2018,711.8,718.4,696.05,699.85
16-02-2018,705.4,709.35,683.85,688.3
19-02-2018,690.8,692,639,648.25
20-02-2018,654,661.35,648.2,650.75
21-02-2018,655.4,655.4,633,640.55
22-02-2018,639.9,647.5,634,637.85
23-02-2018,640.1,684.35,640,677.8
26-02-2018,678.7,692,672.55,680.25
27-02-2018,683,686.75,670.1,671.85
28-02-2018,666.5,674.8,660.45,671.7
01-03-2018,671,684.8,670.7,675.3
05-03-2018,668.55,669,652.05,655.35
06-03-2018,662.95,673.5,657.2,660.5
07-03-2018,655.1,661.05,645.2,648
08-03-2018,654.55,660.4,632.4,635.2
09-03-2018,640.1,646.45,601,605.6
12-03-2018,615,626,606.6,622.7
13-03-2018,621,632.2,614.4,628.3
14-03-2018,624.8,630.3,618.4,620.45
15-03-2018,620.9,622.4,609.6,611.4
16-03-2018,612,614,594.45,600.5
19-03-2018,602,602,573.1,575.05
20-03-2018,572.5,601.2,568.55,593.3
21-03-2018,597.3,602.25,581.1,582.35
22-03-2018,582.9,587.5,572.3,580.55
23-03-2018,561,569.25,554.1,566.6
26-03-2018,567.35,588.7,561.35,582.45
27-03-2018,590,598.85,587.8,590.05
28-03-2018,580.6,583.75,565.5,570.9
02-04-2018,574.95,580.2,568.9,578.55
03-04-2018,575,585.45,569,579.5
04-04-2018,582.55,589.9,558,560.45
05-04-2018,572.35,583,569.55,581
06-04-2018,576,589.05,573,586.35
09-04-2018,588.75,595,584,586.55
10-04-2018,591.35,603.9,591.35,601.7
11-04-2018,609,610,600.5,607.7
12-04-2018,606.7,608.5,596,598.55
13-04-2018,599,604.8,592,595.3
16-04-2018,592.8,596.5,585.6,592.4
17-04-2018,594.5,604.6,592.55,595.85
18-04-2018,600.5,604.7,594.9,601.5
19-04-2018,609.7,623.9,606,620.55
20-04-2018,619.95,619.95,603.8,606.35
23-04-2018,608,610.4,600.5,605.7
24-04-2018,595,602.1,590.35,598.25
25-04-2018,596.6,598.25,585,586.2
26-04-2018,587,591.5,578,579.05
27-04-2018,580.95,594.3,580.95,589.65
30-04-2018,589,599.6,586.15,594.7
02-05-2018,596.7,596.7,573.35,575.05
03-05-2018,574.8,588,568.5,585.65
04-05-2018,586.05,589.45,579.85,581.3
07-05-2018,585.55,597.3,581.55,595.95
08-05-2018,598,603.75,590.5,596.15
09-05-2018,592.55,607.85,592.55,602.45
10-05-2018,603.85,607,591.25,593.75
11-05-2018,600,610.5,591,606.65
14-05-2018,606.55,614.35,602.1,610.1
15-05-2018,609.3,636.3,606.3,624.05
16-05-2018,627,632.5,617.2,622.05
17-05-2018,630.7,632,602.4,610.05
18-05-2018,611.1,616.8,590.25,591.5
21-05-2018,595.5,600.5,575.1,576.9
22-05-2018,577.5,583.35,570.05,577.2
23-05-2018,576.9,576.9,536.6,539.25
24-05-2018,543.05,553.85,537,548.4
25-05-2018,551.5,570.2,551.5,567.2
28-05-2018,572.9,579.25,565.2,575.6
29-05-2018,571,587.85,569.2,575.25
30-05-2018,569.3,581.45,567.7,578.1
31-05-2018,582.55,590,572.1,575.45
01-06-2018,570.9,579.2,556.55,560.35
04-06-2018,564,571.95,560.6,566.95
05-06-2018,565.25,574,561,571.95
06-06-2018,573.5,581.25,569.05,579.7
07-06-2018,581.4,604.8,581.4,601.35
08-06-2018,597,607.55,592.6,599.5
11-06-2018,599.55,605.4,586.25,588.75
12-06-2018,587.95,588.4,577.55,579.8
13-06-2018,579.8,584,566.2,567.5
14-06-2018,567.1,574.35,561.75,569.4
15-06-2018,574,574.85,562,565.95
18-06-2018,564,564.3,547.45,558.7
19-06-2018,558,565.45,550,554.85
20-06-2018,557.5,566.8,553.3,563.3
21-06-2018,569,569,556.2,558.2
22-06-2018,560.2,564.45,556.4,560.45
25-06-2018,560,564.6,556,558.5
26-06-2018,558.9,560,538.35,549.35
27-06-2018,550,552.85,539.25,543.25
28-06-2018,544,556.2,544,548.05
29-06-2018,552,569.85,551.7,567.85
02-07-2018,575.2,586.5,556.25,560.95
03-07-2018,561.05,572.35,554,566.5
04-07-2018,567,572.95,560.1,568.9
05-07-2018,565,565,551.75,553.5
06-07-2018,557.4,564,547.05,554.15
09-07-2018,564.25,565.8,555.7,556.85
10-07-2018,558.05,570.8,557.3,568.6
11-07-2018,566.4,566.4,554.4,555.85
12-07-2018,559.15,567.95,554.35,556.3
13-07-2018,559.5,561.85,553.05,558.15
16-07-2018,558.3,559.35,516.25,519.3
17-07-2018,521.7,535.65,512.55,532.5
18-07-2018,537.7,537.7,501.15,504.7
19-07-2018,509.15,513.25,493.5,499.75
20-07-2018,499.3,505.85,495.45,503.45
23-07-2018,505.25,519.45,498.7,516.85
24-07-2018,517.4,529,517.3,526.7
25-07-2018,529.75,536.4,529.2,534.55
26-07-2018,536,539.9,531.5,534.95
27-07-2018,535.2,553.6,535.2,549.45
30-07-2018,551,558.3,548,552.6
31-07-2018,553.9,564.5,543.4,562.85
01-08-2018,565,567.5,551.3,554.65
02-08-2018,553.9,561.15,540.55,554.5
03-08-2018,556.8,560.25,551.25,555.1
06-08-2018,559.5,564.55,551,553.4
07-08-2018,554.4,577,553.9,573.4
08-08-2018,578,583,574.1,577.65
09-08-2018,580,587,576.25,585.1
10-08-2018,586,586.5,573.15,575.55
13-08-2018,574.95,581.9,566.45,569.2
14-08-2018,584,587,562.45,578.9
16-08-2018,570,576.8,564,568.1
17-08-2018,571.2,585.1,571,580.6
20-08-2018,584.25,601.6,583.2,599.4
21-08-2018,602,603.5,580.15,582.25
23-08-2018,585.9,586,570.3,571.5
24-08-2018,570.5,579,568,575.45
27-08-2018,581,586.8,579.05,581.05
28-08-2018,582,593,578.25,589.35
29-08-2018,591,602.8,585.6,594.05
30-08-2018,593.7,610,590.7,608.3
31-08-2018,609,614.3,600,601.65
03-09-2018,602,610,598.25,600.5
04-09-2018,603,604.6,591.05,593.05
05-09-2018,589.9,597.25,581.25,593.9
06-09-2018,598.7,607.3,594.2,600.45
07-09-2018,602,621,597.3,619
10-09-2018,620,625.9,611.45,613.5
11-09-2018,615.95,617.15,589.1,592.3
12-09-2018,593,606.85,583.35,605.5
14-09-2018,609.1,620,609.1,615.35
17-09-2018,611,624.1,606,615.65
18-09-2018,619,624.25,609.5,612.45
19-09-2018,618,630.55,617.65,620.45
21-09-2018,630,646.7,585,624.55
24-09-2018,618.25,625.75,596.2,606.6
25-09-2018,609.1,609.6,574.5,599.95
26-09-2018,605.65,614.25,598.75,609.05
27-09-2018,611.8,619.75,604.85,609.9
28-09-2018,613.4,613.4,575,580.35
01-10-2018,583,585.45,557.9,583.5
03-10-2018,583.5,594.45,576.85,579.7
04-10-2018,579.7,587.5,570,581.9
05-10-2018,581.9,586,561,569.55
08-10-2018,567.95,569.55,544.55,559.8
09-10-2018,562.95,583,555.4,572.3
10-10-2018,574.9,586.6,574,583.05
11-10-2018,557.9,564.5,549.55,556.25
12-10-2018,560.7,577.4,560,574.95
15-10-2018,579.5,579.5,567.2,571
16-10-2018,571.8,583.95,570,574.1
17-10-2018,579,579.7,552.05,554.65
19-10-2018,550,562.3,545.4,553.6
22-10-2018,557,562,543,544.95
23-10-2018,539.25,549.4,535.3,546.1
24-10-2018,553.4,555,541.8,549.8
25-10-2018,543,550.55,540,546.55
26-10-2018,548.2,561.6,541,551.1
29-10-2018,556.4,575,552.25,573.6
30-10-2018,572,573.4,563.6,565.1
31-10-2018,556.8,557.5,530.1,552.4
01-11-2018,556.95,563.4,554,556.65
02-11-2018,563.7,582,561,573.75
05-11-2018,573,583.9,567.45,578.2
06-11-2018,587,587,570.25,577
07-11-2018,580.15,582,579.1,580.45
09-11-2018,580,580,569,573.3
12-11-2018,573.95,589.8,572,582.9
13-11-2018,582.9,591.75,579.45,589.15
14-11-2018,606,610,585.05,588.95
15-11-2018,590.05,596.4,581.55,588.65
16-11-2018,589.8,590.75,570.1,574.1
19-11-2018,576.2,583.5,574.45,582.2
20-11-2018,577.8,577.8,562,563.5
21-11-2018,563.5,563.5,550.7,552.55
22-11-2018,553,554.7,539,539.95
26-11-2018,543.2,544.95,522.1,531.1
27-11-2018,530.7,530.85,513.25,522.1
28-11-2018,524.4,528.8,519.1,524
29-11-2018,532.8,539,529.4,533.45
30-11-2018,536.4,536.5,525.85,530.25
03-12-2018,541,552.5,536.05,537.2
04-12-2018,533.9,540.45,531.75,538.3
05-12-2018,533.45,533.45,503.1,515.3
06-12-2018,513.95,521.6,501.5,511.05
07-12-2018,511.75,514.85,501,507.9
10-12-2018,500.8,508.9,497.25,502.05
11-12-2018,496.8,504.2,486.9,501.6
12-12-2018,505.8,522.4,505.55,520.4
13-12-2018,527.55,528,508.1,512.25
14-12-2018,510.9,517.9,506.55,513.4
17-12-2018,515.9,524.1,515.9,523.05
18-12-2018,523.9,529,520.1,527
19-12-2018,526,532,525,526.8
20-12-2018,520.8,526.9,520,523.45
21-12-2018,523.8,532,518.4,520.1
24-12-2018,519.9,520.7,512.2,514.4
26-12-2018,509.8,517.9,505.15,513.65
27-12-2018,519,520.5,506.5,507.8
28-12-2018,507.8,516.6,507.8,513.7
31-12-2018,518.5,525.2,516,521.85
01-01-2019,522.05,524.05,513.8,515.55
02-01-2019,506.95,507,491.55,493.85
03-01-2019,493.85,493.85,480.1,481.05
04-01-2019,481.05,492.85,479.3,487.7
07-01-2019,495.3,500.9,484.35,485.95
08-01-2019,486,493.4,484.1,491.35
09-01-2019,488.5,497.15,475.5,479.35
10-01-2019,479.6,483.65,477.5,480.3
11-01-2019,483,486,472.5,474.7
14-01-2019,474.95,474.95,466.6,470.7
15-01-2019,472.2,476.5,469.4,475.15
16-01-2019,477,479.85,473.1,474.45
17-01-2019,475.05,478.3,470,472.5
18-01-2019,474,477.45,468.1,470.5
21-01-2019,472.2,477.4,470.1,471.55
22-01-2019,471,471,455.9,456.8
23-01-2019,457.95,467.5,457,463.8
24-01-2019,465.45,465.5,457.2,460.8
25-01-2019,461,465.7,451.35,452.65
28-01-2019,453,453.8,443.15,445.65
29-01-2019,444.5,452.05,442.1,444.75
30-01-2019,445,471.2,445,467.6
31-01-2019,472.5,478.1,467.55,475.95
01-02-2019,477,481.6,469.5,473.4
04-02-2019,474,478.1,452.3,475.8
05-02-2019,476.25,477.5,459.55,464.75
06-02-2019,465.9,486.9,463.85,484.4
07-02-2019,484,491,478,487.6
08-02-2019,482.25,487,466.8,469.55
11-02-2019,472.65,485.8,460.5,480.4
12-02-2019,479,496.95,476.6,487.95
13-02-2019,490,493,481,483.4
14-02-2019,481.25,485.95,475.5,482.5
15-02-2019,481.15,482.5,463.4,467.45
18-02-2019,468.5,476.75,464.6,465.75
19-02-2019,468,480.55,465.25,471.15
20-02-2019,476.4,493.65,472.8,490.6
21-02-2019,492.6,501.95,490.6,497.9
22-02-2019,496.2,503.7,492.4,501.95
25-02-2019,504,509.5,498.55,504.85
26-02-2019,496,507.85,491.7,504.15
27-02-2019,506,511.95,498.9,505.85
28-02-2019,505.8,510.5,499.4,501.3
01-03-2019,503.9,509.75,502.75,507.15
05-03-2019,509,522.8,505.2,521.5
06-03-2019,526.5,526.5,516.05,518.8
07-03-2019,522,523.25,513.75,520.7
08-03-2019,519,519,506.3,508.05
11-03-2019,509,522.4,508.5,520.8
12-03-2019,523.3,530,519.95,524.15
13-03-2019,524.1,524.15,512.35,513.6
14-03-2019,514.05,522,513.45,517.8
15-03-2019,518.9,520.75,512.5,515.55
18-03-2019,520.9,526,515.6,524.65
19-03-2019,526.6,531.8,520.65,526.25
20-03-2019,525.25,526,511.3,513.55
22-03-2019,515.3,524,515.3,518.15
25-03-2019,513.55,518,507,515.65
26-03-2019,515.7,520.5,514.3,519.35
27-03-2019,519.35,523,513.1,515.9
28-03-2019,514.85,516.5,505.6,507
29-03-2019,511,524.95,509,520.85
01-04-2019,527,543.95,527,534.7
02-04-2019,539.3,539.3,526.3,531.1
03-04-2019,535.25,546.7,533.25,535.4
04-04-2019,537,537,527.1,530.55
05-04-2019,532,550,532,548.35
08-04-2019,552.75,557.45,546.6,549.05
09-04-2019,550.05,553.9,540.5,551.8
10-04-2019,553,558.75,541.8,544.2
11-04-2019,541.6,546.4,534.8,537.15
12-04-2019,538.7,542.9,532.4,533.75
15-04-2019,536.05,554.45,536.05,552
16-04-2019,552.45,556.75,549.4,552.65
18-04-2019,553,555,537.15,542.85
22-04-2019,542.05,545.6,534.45,535.3
23-04-2019,535.6,539.1,521.7,523.8
24-04-2019,527.85,527.85,513.2,525.3
25-04-2019,523.3,529.35,509,510.9
26-04-2019,520,548,516,545
30-04-2019,545.8,559,535.85,556.45
02-05-2019,556,560.35,549.3,554.85
03-05-2019,552.5,555.3,545.85,547.6
06-05-2019,532.95,542.8,527.75,535.55
07-05-2019,540,543.95,529.3,530.65
08-05-2019,532,532.65,521.1,523.5
09-05-2019,521.5,526.8,516.35,518.95
10-05-2019,522.45,526,479.75,487.3
13-05-2019,481.95,486.55,463.1,471.6
14-05-2019,467.7,478.4,456.6,469.75
15-05-2019,473.7,480.7,461,463.2
16-05-2019,464.85,471.5,455.5,469.25
17-05-2019,465.9,471.45,461,469.55
20-05-2019,479.45,494.2,477,483.15
21-05-2019,484.8,485,469.8,473.5
22-05-2019,472.85,480,467.3,473.7
23-05-2019,478.9,486.5,463,465.9
24-05-2019,465.9,486,458.7,483.5
27-05-2019,483.2,513.2,483.05,511.45
28-05-2019,513,518.1,505.55,507.3
29-05-2019,506.2,511.75,491.35,493.3
30-05-2019,494,496.05,486.65,489.1
31-05-2019,492.9,494.9,481.4,487.9
03-06-2019,487,501.2,485.35,496.5
04-06-2019,498.85,502.75,492.65,497.15
06-06-2019,498,502.15,482.1,484.5
07-06-2019,483.65,489.8,476,482.15
10-06-2019,488.8,494.5,483.5,486.7
11-06-2019,489.85,493.85,487.3,492.8
12-06-2019,493,508,491,505.6
13-06-2019,504.8,505.8,497,502.85
14-06-2019,500.5,508.2,497.15,501.45
17-06-2019,499,501,471.7,473.05
18-06-2019,474.4,478.4,463.65,472.75
19-06-2019,480.2,498,480.2,494.5
20-06-2019,494.9,502.55,489.7,500.85
21-06-2019,499.35,500.75,494.4,497.75
24-06-2019,497,499.85,481.85,486.15
25-06-2019,479.5,499.65,474.15,497.6
26-06-2019,495.25,512.25,492.6,510.5
27-06-2019,511.95,516.4,507,510.7
28-06-2019,511,515.3,499.3,504.4
01-07-2019,509.1,514.75,503.65,506.85
02-07-2019,509.9,510.85,501.95,508.35
03-07-2019,509.9,514.7,504.6,510.5
04-07-2019,500.7,502.5,493.9,495.35
05-07-2019,498.1,498.2,474.55,478.15
08-07-2019,475,479.2,465.5,468
09-07-2019,469,472.1,462.7,468.35
10-07-2019,470.2,474.05,448.1,454.6
11-07-2019,460.35,466.5,454,461.8
12-07-2019,464,479.6,460.55,472.6
15-07-2019,476.8,478,463.35,468.2
16-07-2019,465.95,478.6,464.1,476.5
17-07-2019,475.2,479.7,469,475.7
18-07-2019,475,475,464,466.55
19-07-2019,469.3,472.9,453.6,458.1
22-07-2019,458.1,467,451.2,465.25
23-07-2019,466.75,467.8,457,460.15
24-07-2019,459,462.9,443.25,446.05
25-07-2019,448,451.85,438.45,440.35
26-07-2019,441.5,447.95,435.75,445.25
29-07-2019,445.25,446.35,431.2,433.45
30-07-2019,434.7,441.95,406.25,414.7
31-07-2019,414.45,433.4,409.35,431.9
01-08-2019,428,431.65,415,419.55
02-08-2019,414,417.2,404.75,409.05
05-08-2019,402.3,404.95,389.75,399.1
06-08-2019,393.75,407.9,393.65,400.85
07-08-2019,395.8,396.5,377.95,381.8
08-08-2019,377.05,378.9,360.75,367.4
09-08-2019,370,373.7,361.1,362.35
13-08-2019,362.9,367.6,345.5,348.4
14-08-2019,352,370.4,352,364.45
16-08-2019,360,366.65,355.75,362.85
19-08-2019,366.85,366.85,357.35,359.55
20-08-2019,360,361.8,353.15,358.3
21-08-2019,357.9,358.3,341.8,343.05
22-08-2019,340,346.7,330.2,333.35
23-08-2019,333.15,348.8,330,344.8
26-08-2019,347,348,322.45,337.9
27-08-2019,340.15,354.45,340.15,350.95
28-08-2019,350,350.6,333.6,336.85
29-08-2019,334.4,342.35,328.55,335.55
30-08-2019,341.7,347,337.15,344.95
03-09-2019,341.6,341.6,329.2,331.4
04-09-2019,329.9,341,327.35,339.35
05-09-2019,345.2,352,342.5,345
06-09-2019,346.95,357.8,342.85,355.3
09-09-2019,356,360.6,348.35,353.5
11-09-2019,356.1,368.35,355.5,367.1
12-09-2019,367,379.9,362.9,364.5
13-09-2019,367.9,368.95,357.9,367.25
16-09-2019,363,366.4,358.7,361.15
17-09-2019,361.15,365.95,342.25,344.45
18-09-2019,347.2,361,345.6,358.05
19-09-2019,356.9,356.9,340.95,344.95
20-09-2019,345.55,380.7,344.25,369.1
23-09-2019,376,388,369.1,377.5
24-09-2019,381,381,368.25,370.65
25-09-2019,368.7,368.7,357.6,362.15
26-09-2019,364.3,379.3,363.5,376.1
27-09-2019,374,374.05,358,359.55
30-09-2019,355.9,363.5,345.8,359.8
01-10-2019,364.8,364.8,344.25,351.4
03-10-2019,348.8,348.95,338.6,339.6
04-10-2019,342.15,344.9,331.25,333.1
07-10-2019,336.8,338.25,323.3,324.8
09-10-2019,323.8,338,320.3,336.35
10-10-2019,332.6,334.5,328,329.7
11-10-2019,333.25,342.5,332.05,339.4
14-10-2019,346,352.45,341.65,344.85
15-10-2019,345.5,358.25,338.8,349.1
16-10-2019,354.4,354.7,345.4,347.45
17-10-2019,346.95,361.25,340.4,355.65
18-10-2019,355.65,362.6,351.8,359.9
22-10-2019,356.95,363.65,353,354.25
23-10-2019,354,358.7,349.4,356.1
24-10-2019,356,362.05,353.85,359.85
25-10-2019,355,368.8,355,361.45
27-10-2019,364.4,365.75,363.3,365.1
29-10-2019,365.2,399.65,365.2,391
30-10-2019,390,394.2,384.3,388.05
31-10-2019,388.6,390.25,376.3,380.5
01-11-2019,376,402.45,376,399.85
04-11-2019,402,421.65,402,409.15
05-11-2019,413.25,417.8,401.65,404
06-11-2019,400.65,408.75,398.9,404.35
07-11-2019,404.5,408.7,389,403.15
08-11-2019,402.5,406,395.25,397.8
11-11-2019,397.5,403.8,394.5,401.45
13-11-2019,401.75,408.45,392.65,396.85
14-11-2019,396,398.6,389.4,391.95
15-11-2019,392.5,403,390.65,394.4
18-11-2019,397.4,412.55,396.1,410.2
19-11-2019,412,414.85,400.2,401.9
20-11-2019,400.95,408.5,397.15,398.55
21-11-2019,399.55,399.55,383.5,385.2
22-11-2019,386.9,402.65,383.25,399.6
25-11-2019,405,421.15,404,419.55
26-11-2019,424.1,429.1,417,424.45
27-11-2019,425.9,427,419,421.35
28-11-2019,422.4,434.35,422.4,432
29-11-2019,425,429.5,421.25,427.4
02-12-2019,424.7,427,419,420.8
03-12-2019,418.9,419.4,396.7,399.45
04-12-2019,393,411.45,389.05,409.1
05-12-2019,410.85,412,397.2,399.65
06-12-2019,401,407.4,394.25,402.95
09-12-2019,403,411.7,402.25,406.45
10-12-2019,405.95,409.5,400.15,402.2
11-12-2019,402.55,408,400.45,405.4
12-12-2019,409.4,420.9,407.45,418.75
13-12-2019,429.3,434.5,423.6,428.75
16-12-2019,431.9,432.2,420,421.05
17-12-2019,423.95,441.75,423.3,439.5
18-12-2019,439.5,454.7,436.15,444.6
19-12-2019,440.6,449.3,438.2,446.75
20-12-2019,445.95,463.3,444,461.2
23-12-2019,461.5,467.55,457.15,462.05
24-12-2019,462.1,464.55,459.4,462.9
26-12-2019,463.5,471.65,463.5,467.8
27-12-2019,468.75,471.65,463.2,469.75
30-12-2019,470.9,476,465.05,474.7
31-12-2019,473,475.25,470.2,472
01-01-2020,473.1,476.45,465,467.75
02-01-2020,472.75,487.75,472.15,484.95
03-01-2020,483,486.15,479.5,483.75
06-01-2020,480,480,470.65,473.2
07-01-2020,477.4,484.6,473.6,475.65
08-01-2020,471.5,477.95,467,475.55
09-01-2020,484,486.2,479.4,483
10-01-2020,484.3,493.9,479.95,486.55
13-01-2020,490.2,496.9,488.05,495.55
14-01-2020,497,505.95,495.85,498.45
15-01-2020,492.5,503.6,489.35,501.95
16-01-2020,502.9,504.35,492.2,494.2
17-01-2020,494,498.9,492.4,495.3
20-01-2020,498.4,499.5,489.15,490.65
21-01-2020,487.1,488.6,473.7,475.9
22-01-2020,478.1,479.8,473.05,474.8
23-01-2020,477,482,473.4,480.35
24-01-2020,480.35,484.9,476.6,483.25
27-01-2020,477.6,477.6,460.25,462.4
28-01-2020,460.5,461.65,441.95,446.25
29-01-2020,453.2,459.45,449.75,452.1
30-01-2020,452.1,454.25,441.65,448.4
31-01-2020,451,454.35,436.5,438.75
01-02-2020,432,439.8,420,423.6
03-02-2020,420,438.5,416.9,436.55
04-02-2020,441.1,453.2,433.8,452.05
05-02-2020,452.05,479,448.05,475.3
06-02-2020,477.3,487.25,471.85,477.95
07-02-2020,477.25,479.7,468.95,470.95
10-02-2020,460.3,465,440.1,443.65
11-02-2020,446.25,457.15,442.85,444.25
12-02-2020,450,454.4,442.7,447.95
13-02-2020,449.25,451.55,439.55,440.9
14-02-2020,442,445.4,432.5,434.05
17-02-2020,436.3,440.8,433,436.85
18-02-2020,434.6,434.75,421.35,431.65
19-02-2020,436.1,438.45,428.35,432.95
20-02-2020,429.85,447.5,428.25,443.7
24-02-2020,436,436,413.3,415.35
25-02-2020,419.95,425.4,414.35,421.35
26-02-2020,412.25,419.45,411.95,416.25
27-02-2020,415.9,415.9,407.3,412.8
28-02-2020,401.9,401.9,373.45,381.55
02-03-2020,390,394.25,358,364.2
03-03-2020,372.05,391.4,370.25,387.6
04-03-2020,389.85,389.85,365.25,377
05-03-2020,384,388,374.25,375.65
06-03-2020,360,360,347.4,351.2
09-03-2020,338,338,319.65,322.3
11-03-2020,323.1,326,296.25,299.4
12-03-2020,276.9,291.8,267.35,286.8
13-03-2020,272.25,331.8,252.2,325.45
16-03-2020,305,317.65,287,289.6
17-03-2020,297.25,307.7,280.4,282.3
18-03-2020,290,293,275.85,280.9
19-03-2020,271,284.2,260.8,271.95
20-03-2020,277.7,305,274.7,298.05
23-03-2020,271,279,253.7,271.15
24-03-2020,285,285.8,258.7,271.75
25-03-2020,268,294.4,267,285.65
26-03-2020,289,295.55,280.1,285.75
27-03-2020,289,294.5,274.2,277.35
30-03-2020,272.8,272.8,250.9,254.15
31-03-2020,261.25,272.35,259.95,269.75
01-04-2020,267,268,258.3,266.45
03-04-2020,266.45,268.45,251.05,253.85
07-04-2020,264.8,277.35,261.2,276.15
08-04-2020,271,292.9,267.85,274.7
09-04-2020,280,289.5,278,284.8
13-04-2020,284.9,292,274.1,282.5
15-04-2020,285,295.6,281.85,285.15
16-04-2020,277,291.7,276.2,288.6
17-04-2020,296.4,300,285.55,293.3
20-04-2020,295,295.05,285.2,286.4
21-04-2020,283,283,263.5,266.05
22-04-2020,266,269.65,259.25,268.55
23-04-2020,270,278.9,269.2,270.35
24-04-2020,266.4,273.8,264.25,267.8
27-04-2020,272.75,276.85,270.5,271.7
28-04-2020,272.55,275.4,269.65,273.55
29-04-2020,274.45,286,271.4,282.5
30-04-2020,289,304.3,289,298.45
04-05-2020,286,286.2,270.6,273.7
05-05-2020,277.95,282.35,271.1,272.7
06-05-2020,274,280.5,272.2,277.65
07-05-2020,276.9,282.75,275,275.85
08-05-2020,282,283.5,272.1,272.85
11-05-2020,277,282.95,275.1,276.2
12-05-2020,272.85,276.7,264.65,273.85
13-05-2020,286,287.55,273.65,276.8
14-05-2020,273,275.3,267.35,268.6
15-05-2020,270.9,276.8,268.75,273.45
18-05-2020,274.75,276.25,262.55,266.45
19-05-2020,271,280.15,267.65,271.95
20-05-2020,271.1,284,270,283.3
21-05-2020,283.3,286.2,278.6,283.6
22-05-2020,280,280.2,273.3,274.45
26-05-2020,277.85,284.2,277,280.5
27-05-2020,282,290.25,279.15,287.95
28-05-2020,291.25,298.5,289.55,295.15
29-05-2020,292,296.75,287.7,295.2
01-06-2020,300,317.75,300,315.05
02-06-2020,317.3,323.2,314.7,319.3
03-06-2020,325,326.1,315.2,317.2
04-06-2020,316.15,322.6,314.85,320.15
05-06-2020,324.9,343.45,324.85,339.35
08-06-2020,345.1,350.45,327.3,333.65
09-06-2020,335.5,343.95,329,332.35
10-06-2020,330.75,331.2,322.1,324.25
11-06-2020,322.65,323.65,311.05,313.35
12-06-2020,302,320.55,300.1,317.5
15-06-2020,314.4,315,302.75,306.05
16-06-2020,313,322.45,301.5,308.85
17-06-2020,308.85,314.3,305.1,308.25
18-06-2020,308.15,319,307.5,318.1
19-06-2020,321.85,325.85,317.5,320.7
22-06-2020,320.7,327.9,318.35,325.95
23-06-2020,326.4,333.45,326.1,331.9
24-06-2020,336.9,338.05,324.9,326.05
25-06-2020,321.1,327.3,321.05,323.1
26-06-2020,324.25,330,322.7,323.9
29-06-2020,321.5,325.65,312.25,321.25
30-06-2020,320.6,337.6,320.6,326.65
01-07-2020,328.25,329,320.5,323.85
02-07-2020,325.8,337.55,324.5,334.95
03-07-2020,336,337,328.15,329.95
06-07-2020,332.15,341.5,330.3,338.75
07-07-2020,338,338.4,328.5,330.15
08-07-2020,332.2,346.2,332.2,334.2
09-07-2020,337,348.4,337,344.4
10-07-2020,343.5,344.3,335.05,338.6
13-07-2020,342.3,347.2,338.6,342
14-07-2020,339.5,339.5,332.85,336.8
15-07-2020,339.1,346.3,338,339.15
16-07-2020,339.9,346.3,331.75,341.75
17-07-2020,346.6,356.6,345.15,350.9
20-07-2020,353.9,354.7,346.7,352.4
21-07-2020,356,360.55,349.6,359.1
22-07-2020,362,362.85,346.75,350.1
23-07-2020,350.1,356.3,347.7,352
24-07-2020,348,349.75,342.75,346.05
27-07-2020,350,353.9,344.5,352.85
28-07-2020,354.1,360,352.95,358.35
29-07-2020,360,378.2,356.9,373.9
30-07-2020,376.4,378.05,364.2,366.7
31-07-2020,365.8,370.3,360.5,366.4
03-08-2020,364.5,376.65,362.45,373.25
04-08-2020,375.25,378,367.8,372.25
05-08-2020,373.1,398,373.1,395.8
06-08-2020,391.45,402.8,385.6,400.55
07-08-2020,395.3,406.75,393.25,404
10-08-2020,404.6,411.45,399.6,410.15
11-08-2020,413.5,427.5,412.5,416.45
12-08-2020,414.45,417.45,407.55,414.75
13-08-2020,417.05,421.65,408.95,413.25
14-08-2020,408.8,430.8,408.8,418.45
17-08-2020,418.5,429,414.2,424.95
18-08-2020,422.1,436.5,419.9,434.75
19-08-2020,435,435.5,429,431.8
20-08-2020,425,438.25,423.05,432.4
21-08-2020,436.7,442,426.6,428.9
24-08-2020,431.55,437.5,428.05,429.45
25-08-2020,430.6,432.5,421.5,424.05
26-08-2020,424.9,427.55,422.15,424.95
27-08-2020,425.1,430.2,423.1,426.85
28-08-2020,429.8,437.9,423.1,424.1
31-08-2020,426.1,430.05,410.5,413.2
01-09-2020,413,432.4,412,429
02-09-2020,429,441.55,427.15,438.85
03-09-2020,441.65,443.75,436,437.85
04-09-2020,427.05,433.75,419.15,421.3
07-09-2020,425.5,428.25,418.55,422.4
08-09-2020,425,425.45,402.3,404.95
09-09-2020,397.75,420,386.7,417.25
10-09-2020,424,425.65,401.25,407.9
11-09-2020,409.95,412.3,402.6,407.4
14-09-2020,409.05,414,402.3,404.2
15-09-2020,407,410.3,403.7,405.25
16-09-2020,406.9,410,402.6,404.55
17-09-2020,404,407.4,393.4,398.7
18-09-2020,402,405.5,393.45,395.3
21-09-2020,395.25,399,371,373.25
22-09-2020,374.9,378.65,358.2,374.2
23-09-2020,376,377.55,356.7,361.25
24-09-2020,359,359,343,343.85
25-09-2020,348.95,355.8,344.4,351.9
28-09-2020,359,364.85,356,360.95
29-09-2020,363.6,371.6,361.8,370
30-09-2020,371.5,371.5,358,359.75
01-10-2020,364.9,370.15,363.45,364.95
05-10-2020,369,385.25,369,382.15
06-10-2020,385.2,387,373.2,377.35
07-10-2020,378.5,379.05,369.7,370.8
08-10-2020,372.25,382.9,371.9,373.55
09-10-2020,375.2,386.9,367.3,369.75
12-10-2020,374.55,377.2,362.55,371
13-10-2020,372.5,376.3,361.75,367.5
14-10-2020,371.4,377,369.75,375.55
15-10-2020,380.45,388.5,371.6,373.75
16-10-2020,375.6,395.75,375.45,393.85
19-10-2020,396.6,400,391.55,395.3
20-10-2020,393.3,397.4,389.75,392
21-10-2020,395.5,407.8,394.6,403.9
22-10-2020,402.8,413.35,400.1,409.95
23-10-2020,412,425.9,412,423.35
26-10-2020,424.2,424.2,404.4,408.1
27-10-2020,407.2,416.7,403.5,411
28-10-2020,411.05,418,400.5,402.3
29-10-2020,399.1,405.05,395.55,401.25
30-10-2020,403.1,413,395.25,410.35
02-11-2020,412,412.4,398.85,402.8
03-11-2020,408,412.15,404.7,406.8
04-11-2020,408.1,415,401.55,403.9
05-11-2020,410.55,427.9,408.8,425.45
06-11-2020,425.2,432.7,422.6,426.3
09-11-2020,428,439.8,427.5,437.6
10-11-2020,440,453,435.65,441.85
11-11-2020,442,477.15,439.55,474.5
12-11-2020,472.9,479.8,466.5,473.15
13-11-2020,471.9,488,465.4,486.5
14-11-2020,491.5,499.1,487,492.1
17-11-2020,504.7,530.8,502,522.8
18-11-2020,518.4,523.9,510.2,517
19-11-2020,512.6,535.65,510,523.4
20-11-2020,525.55,541.65,521.2,532.55
23-11-2020,536.15,546,536.15,542.7
24-11-2020,546.95,550.4,541.5,548.15
25-11-2020,548.3,558.75,539.6,541
26-11-2020,547.8,571,541.5,568.9
27-11-2020,570,582,563.1,577.85
01-12-2020,590.5,590.5,577,585.55
02-12-2020,585.55,607.5,584.35,604.25
03-12-2020,608,624.8,607.65,620.9
04-12-2020,621,632.4,615,622.6
07-12-2020,623,628.95,609.75,614.45
08-12-2020,615.35,620.95,602.55,614.1
09-12-2020,619,620.7,607.05,609.25
10-12-2020,607.95,613.75,593.55,610.15
11-12-2020,615.1,625.25,614.75,621.75
14-12-2020,625.35,638.7,620.3,626.7
15-12-2020,625.3,636.4,617.8,635.2
16-12-2020,640.25,649.4,638.25,643.35
17-12-2020,645,645.7,631.75,635.4
18-12-2020,638.9,640.9,628,631.4
21-12-2020,625,627.6,585.55,595.15
22-12-2020,594.55,610.55,584.55,601.25
23-12-2020,600,623.9,596.05,621.5
24-12-2020,625,637,619.3,622.25
28-12-2020,629.5,635.35,626.6,632.8
29-12-2020,637,639.75,620.7,631.85
30-12-2020,633.1,643.95,624.5,641.05
31-12-2020,636.9,653.3,636.35,643.55
01-01-2021,644,649.55,640.45,643.1
04-01-2021,646.55,699.45,646.55,692.75
05-01-2021,686,693.6,675.15,680.7
06-01-2021,683.2,696.3,674.95,683.95
07-01-2021,691.6,731.35,691.6,722.75
08-01-2021,726.8,727.4,703.2,713
11-01-2021,713.25,713.25,688.3,695.5
12-01-2021,696.6,724.25,691.55,694.75
13-01-2021,703.2,714.7,693.15,709.2
14-01-2021,711,714.35,697.2,706.15
15-01-2021,710,721.45,698,705.55
18-01-2021,706,710,659.65,666.2
19-01-2021,671,683.9,647.6,680.65
20-01-2021,695,699.45,682.45,690.15
21-01-2021,693,694.75,661.9,666.8
22-01-2021,670.4,675.85,633.95,646.95
25-01-2021,648.6,661.7,631.05,652.1
27-01-2021,652,652,623.6,625.8
28-01-2021,618,630.5,614,623.95
29-01-2021,629.1,633.6,596.3,601.15
01-02-2021,604,639.9,597.45,636.15
02-02-2021,640.6,647.8,624.35,641.7
03-02-2021,642.25,664,637.3,652.95
04-02-2021,653,663.5,638.8,656.1
05-02-2021,657,690,651.5,685.15
08-02-2021,694.9,704.45,682.7,702.9
09-02-2021,706.5,716.3,691.7,699.55
10-02-2021,713,724.4,680.4,690.25
11-02-2021,690.25,704.6,683,694.5
12-02-2021,694.25,697.85,678.3,680.45
15-02-2021,687.95,687.95,669.55,671.85
16-02-2021,672.5,708.7,670,698.6
17-02-2021,698.95,703.2,687.5,696.7
18-02-2021,703,711,694.1,697.85
19-02-2021,695.55,695.6,656,670.65
22-02-2021,672.15,697.1,671,683.6
23-02-2021,689.2,736.6,682.3,729.5
24-02-2021,732,745,656.55,729.65
25-02-2021,733.1,752.85,731.6,742.9
26-02-2021,724,741.75,711.6,714.8
01-03-2021,725.9,738.15,711.8,730.2
02-03-2021,733.9,739.75,723.4,735.2
03-03-2021,739.1,782,739.1,776.7
04-03-2021,753,767.05,743.95,758.1
05-03-2021,750,756.15,727.1,733.3
08-03-2021,744.9,751,735,737.35
09-03-2021,743,750.9,702,706.6
10-03-2021,716.4,729.7,703,724.2
12-03-2021,739,745.1,714.3,719.85
15-03-2021,723.5,738.8,715.1,736.05
16-03-2021,740,740.55,719.5,724.05
17-03-2021,725,725.95,700.4,704.4
18-03-2021,716,723.15,698.15,704.95
19-03-2021,703.5,736.7,681.2,733
22-03-2021,732,745.5,724.8,743.5
23-03-2021,745.5,749.55,733.5,740.95
24-03-2021,735,735,699.05,703.4
25-03-2021,709,730.5,688.5,722.9
26-03-2021,730,774.85,725.4,766.65
30-03-2021,777.1,806.95,777.1,799.75
31-03-2021,793.55,823.5,789.45,811.95
01-04-2021,821,868.65,818.65,862.85
05-04-2021,863.95,877.75,837.4,867.4
06-04-2021,875,882.3,858.15,862.85
07-04-2021,869,884.85,863,874.75
08-04-2021,884,953.1,882,917.65
09-04-2021,921,930.1,885.95,899.2
12-04-2021,876.6,893.3,843.25,851.35
13-04-2021,859.9,881.6,849,878.95
15-04-2021,885.05,911.75,879.75,897.85
16-04-2021,904,914.1,886.5,889.6
19-04-2021,874.7,898.8,854.9,886.95
20-04-2021,901.5,905.85,882.15,894.3
22-04-2021,900,938.5,897.6,921.2
23-04-2021,930,945.3,910.65,925.2
26-04-2021,934,956.15,930.1,940.4
27-04-2021,949,983.35,944.4,977.15
28-04-2021,985.05,986.35,962.1,971.05
29-04-2021,982,1037,982,1031.6
30-04-2021,1022.25,1052.5,1011.2,1033.95
03-05-2021,1034.95,1070,1018.45,1064.55
04-05-2021,1074,1086.7,1058.3,1064.05
05-05-2021,1081.2,1088.85,1047,1068.95
06-05-2021,1064,1128.8,1044,1100.55
07-05-2021,1129,1192,1129,1182.35
10-05-2021,1209,1229.05,1200,1216.55
11-05-2021,1187,1246.25,1176.6,1233.9
12-05-2021,1231,1246.8,1163,1178.65
14-05-2021,1189,1189,1115,1132.1
17-05-2021,1140,1158.2,1103.65,1150.65
18-05-2021,1172,1196.2,1157.05,1179.5
19-05-2021,1174.5,1189.6,1158.2,1164.3
20-05-2021,1139.9,1139.9,1098.95,1104.85
21-05-2021,1114,1123.55,1106,1112.5
24-05-2021,1112.9,1112.9,1081,1091.85
25-05-2021,1104,1125.95,1099.95,1104.9
26-05-2021,1093.9,1093.9,1073,1081.85
27-05-2021,1082,1109.65,1075,1096.6
28-05-2021,1127.1,1143.8,1097.55,1103.75
31-05-2021,1105.2,1129.85,1099.45,1125.65
01-06-2021,1128,1128,1085.5,1100.3
02-06-2021,1107.95,1129,1105,1123.55
03-06-2021,1128,1139.4,1113.3,1121.7
04-06-2021,1119,1128.9,1107.25,1119.9
07-06-2021,1129.95,1150,1125.7,1128.3
08-06-2021,1133,1134,1100.05,1110.5
09-06-2021,1115,1127.95,1094.4,1100.9
10-06-2021,1112,1125.5,1103,1114.55
11-06-2021,1125,1164.8,1113.05,1159.05
14-06-2021,1165.2,1178.55,1140,1164.85
15-06-2021,1170,1186.4,1160.6,1174.45
16-06-2021,1170,1184.5,1131.45,1142.15
17-06-2021,1119.95,1133.75,1096,1103.65
18-06-2021,1105.65,1109.6,1050.5,1091.3
21-06-2021,1075,1109.05,1064.45,1105.5
22-06-2021,1118,1130.7,1107.15,1113.55
23-06-2021,1120,1127.75,1095.35,1099.8
24-06-2021,1104,1120.5,1098.8,1113.25
25-06-2021,1134,1169.5,1129.05,1165
28-06-2021,1174.95,1189.2,1163.2,1184.05
29-06-2021,1186,1195,1165.5,1172.45
30-06-2021,1179.5,1190.95,1162.5,1166.85
01-07-2021,1170.05,1176.55,1156.9,1163.35
02-07-2021,1165,1166.5,1130.5,1135.95
